-- phpMyAdmin SQL Dump
-- version 5.0.1
-- https://www.phpmyadmin.net/
--
-- Host: 127.0.0.1
-- Generation Time: Oct 13, 2020 at 01:56 PM
-- Server version: 10.4.11-MariaDB
-- PHP Version: 7.4.3

SET SQL_MODE = "NO_AUTO_VALUE_ON_ZERO";
SET AUTOCOMMIT = 0;
START TRANSACTION;
SET time_zone = "+00:00";


/*!40101 SET @OLD_CHARACTER_SET_CLIENT=@@CHARACTER_SET_CLIENT */;
/*!40101 SET @OLD_CHARACTER_SET_RESULTS=@@CHARACTER_SET_RESULTS */;
/*!40101 SET @OLD_COLLATION_CONNECTION=@@COLLATION_CONNECTION */;
/*!40101 SET NAMES utf8mb4 */;

--
-- Database: `multi_lingual_base`
--

-- --------------------------------------------------------

--
-- Table structure for table `all_cities`
--

CREATE TABLE `all_cities` (
  `city_id` int(10) UNSIGNED NOT NULL,
  `state_id` int(10) UNSIGNED NOT NULL,
  `city_name` text COLLATE utf8_bin DEFAULT NULL
) ENGINE=InnoDB DEFAULT CHARSET=utf8 COLLATE=utf8_bin;

--
-- Dumping data for table `all_cities`
--

INSERT INTO `all_cities` (`city_id`, `state_id`, `city_name`) VALUES
(2, 1, 'Alipur'),
(3, 1, 'Andaman Island'),
(4, 1, 'Anderson Island'),
(5, 1, 'Arainj-Laka-Punga'),
(6, 1, 'Austinabad'),
(7, 1, 'Bamboo Flat'),
(8, 1, 'Barren Island'),
(9, 1, 'Beadonabad'),
(10, 1, 'Betapur'),
(11, 1, 'Bindraban'),
(12, 1, 'Bonington'),
(13, 1, 'Brookesabad'),
(14, 1, 'Cadell Point'),
(15, 1, 'Calicut'),
(16, 1, 'Chetamale'),
(17, 1, 'Cinque Islands'),
(18, 1, 'Defence Island'),
(19, 1, 'Digilpur'),
(20, 1, 'Dolyganj'),
(21, 1, 'Flat Island'),
(22, 1, 'Geinyale'),
(23, 1, 'Great Coco Island'),
(24, 1, 'Haddo'),
(25, 1, 'Havelock Island'),
(26, 1, 'Henry Lawrence Island'),
(27, 1, 'Herbertabad'),
(28, 1, 'Hobdaypur'),
(29, 1, 'Ilichar'),
(30, 1, 'Ingoie'),
(31, 1, 'Inteview Island'),
(32, 1, 'Jangli Ghat'),
(33, 1, 'Jhon Lawrence Island'),
(34, 1, 'Karen'),
(35, 1, 'Kartara'),
(36, 1, 'KYD Islannd'),
(37, 1, 'Landfall Island'),
(38, 1, 'Little Andmand'),
(39, 1, 'Little Coco Island'),
(40, 1, 'Long Island'),
(41, 1, 'Maimyo'),
(42, 1, 'Malappuram'),
(43, 1, 'Manglutan'),
(44, 1, 'Manpur'),
(45, 1, 'Mitha Khari'),
(46, 1, 'Neill Island'),
(47, 1, 'Nicobar Island'),
(48, 1, 'North Brother Island'),
(49, 1, 'North Passage Island'),
(50, 1, 'North Sentinel Island'),
(51, 1, 'Nothen Reef Island'),
(52, 1, 'Outram Island'),
(53, 1, 'Pahlagaon'),
(54, 1, 'Palalankwe'),
(55, 1, 'Passage Island'),
(56, 1, 'Phaiapong'),
(57, 1, 'Phoenix Island'),
(58, 1, 'Port Blair'),
(59, 1, 'Preparis Island'),
(60, 1, 'Protheroepur'),
(61, 1, 'Rangachang'),
(62, 1, 'Rongat'),
(63, 1, 'Rutland Island'),
(64, 1, 'Sabari'),
(65, 1, 'Saddle Peak'),
(66, 1, 'Shadipur'),
(67, 1, 'Smith Island'),
(68, 1, 'Sound Island'),
(69, 1, 'South Sentinel Island'),
(70, 1, 'Spike Island'),
(71, 1, 'Tarmugli Island'),
(72, 1, 'Taylerabad'),
(73, 1, 'Titaije'),
(74, 1, 'Toibalawe'),
(75, 1, 'Tusonabad'),
(76, 1, 'West Island'),
(77, 1, 'Wimberleyganj'),
(78, 1, 'Yadita'),
(79, 2, 'Adilabad'),
(80, 2, 'Anantapur'),
(81, 2, 'Chittoor'),
(82, 2, 'Cuddapah'),
(83, 2, 'East Godavari'),
(84, 2, 'Guntur'),
(85, 2, 'Hyderabad'),
(86, 2, 'Karimnagar'),
(87, 2, 'Khammam'),
(88, 2, 'Krishna'),
(89, 2, 'Kurnool'),
(90, 2, 'Mahabubnagar'),
(91, 2, 'Medak'),
(92, 2, 'Nalgonda'),
(93, 2, 'Nellore'),
(94, 2, 'Nizamabad'),
(95, 2, 'Prakasam'),
(96, 2, 'Rangareddy'),
(97, 2, 'Srikakulam'),
(98, 2, 'Visakhapatnam'),
(99, 2, 'Vizianagaram'),
(100, 2, 'Warangal'),
(101, 2, 'West Godavari'),
(102, 3, 'Anjaw'),
(103, 3, 'Changlang'),
(104, 3, 'Dibang Valley'),
(105, 3, 'East Kameng'),
(106, 3, 'East Siang'),
(107, 3, 'Itanagar'),
(108, 3, 'Kurung Kumey'),
(109, 3, 'Lohit'),
(110, 3, 'Lower Dibang Valley'),
(111, 3, 'Lower Subansiri'),
(112, 3, 'Papum Pare'),
(113, 3, 'Tawang'),
(114, 3, 'Tirap'),
(115, 3, 'Upper Siang'),
(116, 3, 'Upper Subansiri'),
(117, 3, 'West Kameng'),
(118, 3, 'West Siang'),
(119, 4, 'Barpeta'),
(120, 4, 'Bongaigaon'),
(121, 4, 'Cachar'),
(122, 4, 'Darrang'),
(123, 4, 'Dhemaji'),
(124, 4, 'Dhubri'),
(125, 4, 'Dibrugarh'),
(126, 4, 'Goalpara'),
(127, 4, 'Golaghat'),
(128, 4, 'Guwahati'),
(129, 4, 'Hailakandi'),
(130, 4, 'Jorhat'),
(131, 4, 'Kamrup'),
(132, 4, 'Karbi Anglong'),
(133, 4, 'Karimganj'),
(134, 4, 'Kokrajhar'),
(135, 4, 'Lakhimpur'),
(136, 4, 'Marigaon'),
(137, 4, 'Nagaon'),
(138, 4, 'Nalbari'),
(139, 4, 'North Cachar Hills'),
(140, 4, 'Silchar'),
(141, 4, 'Sivasagar'),
(142, 4, 'Sonitpur'),
(143, 4, 'Tinsukia'),
(144, 4, 'Udalguri'),
(145, 5, 'Araria'),
(146, 5, 'Aurangabad'),
(147, 5, 'Banka'),
(148, 5, 'Begusarai'),
(149, 5, 'Bhagalpur'),
(150, 5, 'Bhojpur'),
(151, 5, 'Buxar'),
(152, 5, 'Darbhanga'),
(153, 5, 'East Champaran'),
(154, 5, 'Gaya'),
(155, 5, 'Gopalganj'),
(156, 5, 'Jamshedpur'),
(157, 5, 'Jamui'),
(158, 5, 'Jehanabad'),
(159, 5, 'Kaimur (null,null,Bhabua)'),
(160, 5, 'Katihar'),
(161, 5, 'Khagaria'),
(162, 5, 'Kishanganj'),
(163, 5, 'Lakhisarai'),
(164, 5, 'Madhepura'),
(165, 5, 'Madhubani'),
(166, 5, 'Munger'),
(167, 5, 'Muzaffarpur'),
(168, 5, 'Nalanda'),
(169, 5, 'Nawada'),
(170, 5, 'Patna'),
(171, 5, 'Purnia'),
(172, 5, 'Rohtas'),
(173, 5, 'Saharsa'),
(174, 5, 'Samastipur'),
(175, 5, 'Saran'),
(176, 5, 'Sheikhpura'),
(177, 5, 'Sheohar'),
(178, 5, 'Sitamarhi'),
(179, 5, 'Siwan'),
(180, 5, 'Supaul'),
(181, 5, 'Vaishali'),
(182, 5, 'West Champaran'),
(183, 7, 'Chandigarh'),
(184, 7, 'Mani Marja'),
(185, 6, 'Bastar'),
(186, 6, 'Bhilai'),
(187, 6, 'Bijapur'),
(188, 6, 'Bilaspur'),
(189, 6, 'Dhamtari'),
(190, 6, 'Durg'),
(191, 6, 'Janjgir-Champa'),
(192, 6, 'Jashpur'),
(193, 6, 'Kabirdham-Kawardha'),
(194, 6, 'Korba'),
(195, 6, 'Korea'),
(196, 6, 'Mahasamund'),
(197, 6, 'Narayanpur'),
(198, 6, 'Norh Bastar-Kanker'),
(199, 6, 'Raigarh'),
(200, 6, 'Raipur'),
(201, 6, 'Rajnandgaon'),
(202, 6, 'South Bastar-Dantewada'),
(203, 6, 'Surguja'),
(204, 10, 'Amal'),
(205, 10, 'Amli'),
(206, 10, 'Bedpa'),
(207, 10, 'Chikhli'),
(208, 10, 'Dadra & Nagar Haveli'),
(209, 10, 'Dahikhed'),
(210, 10, 'Dolara'),
(211, 10, 'Galonda'),
(212, 10, 'Kanadi'),
(213, 10, 'Karchond'),
(214, 10, 'Khadoli'),
(215, 10, 'Kharadpada'),
(216, 10, 'Kherabari'),
(217, 10, 'Kherdi'),
(218, 10, 'Kothar'),
(219, 10, 'Luari'),
(220, 10, 'Mashat'),
(221, 10, 'Rakholi'),
(222, 10, 'Rudana'),
(223, 10, 'Saili'),
(224, 10, 'Sili'),
(225, 10, 'Silvassa'),
(226, 10, 'Sindavni'),
(227, 10, 'Udva'),
(228, 10, 'Umbarkoi'),
(229, 10, 'Vansda'),
(230, 10, 'Vasona'),
(231, 10, 'Velugam'),
(232, 8, 'Brancavare'),
(233, 8, 'Dagasi'),
(234, 8, 'Daman'),
(235, 8, 'Diu'),
(236, 8, 'Magarvara'),
(237, 8, 'Nagwa'),
(238, 8, 'Pariali'),
(239, 8, 'Passo Covo'),
(240, 9, 'Central Delhi'),
(241, 9, 'East Delhi'),
(242, 9, 'New Delhi'),
(243, 9, 'North Delhi'),
(244, 9, 'North East Delhi'),
(245, 9, 'North West Delhi'),
(246, 9, 'Old Delhi'),
(247, 9, 'South Delhi'),
(248, 9, 'South West Delhi'),
(249, 9, 'West Delhi'),
(250, 11, 'Canacona'),
(251, 11, 'Candolim'),
(252, 11, 'Chinchinim'),
(253, 11, 'Cortalim'),
(254, 11, 'Goa'),
(255, 11, 'Jua'),
(256, 11, 'Madgaon'),
(257, 11, 'Mahem'),
(258, 11, 'Mapuca'),
(259, 11, 'Marmagao'),
(260, 11, 'Panji'),
(261, 11, 'Ponda'),
(262, 11, 'Sanvordem'),
(263, 11, 'Terekhol'),
(264, 12, 'Ahmedabad'),
(265, 12, 'Amreli'),
(266, 12, 'Anand'),
(267, 12, 'Banaskantha'),
(268, 12, 'Baroda'),
(269, 12, 'Bharuch'),
(270, 12, 'Bhavnagar'),
(271, 12, 'Dahod'),
(272, 12, 'Dang'),
(273, 12, 'Dwarka'),
(274, 12, 'Gandhinagar'),
(275, 12, 'Jamnagar'),
(276, 12, 'Junagadh'),
(277, 12, 'Kheda'),
(278, 12, 'Kutch'),
(279, 12, 'Mehsana'),
(280, 12, 'Nadiad'),
(281, 12, 'Narmada'),
(282, 12, 'Navsari'),
(283, 12, 'Panchmahals'),
(284, 12, 'Patan'),
(285, 12, 'Porbandar'),
(286, 12, 'Rajkot'),
(287, 12, 'Sabarkantha'),
(288, 12, 'Surat'),
(289, 12, 'Surendranagar'),
(290, 12, 'Vadodara'),
(291, 12, 'Valsad'),
(292, 12, 'Vapi'),
(293, 14, 'Ambala'),
(294, 14, 'Bhiwani'),
(295, 14, 'Faridabad'),
(296, 14, 'Fatehabad'),
(297, 14, 'Gurgaon'),
(298, 14, 'Hisar'),
(299, 14, 'Jhajjar'),
(300, 14, 'Jind'),
(301, 14, 'Kaithal'),
(302, 14, 'Karnal'),
(303, 14, 'Kurukshetra'),
(304, 14, 'Mahendragarh'),
(305, 14, 'Mewat'),
(306, 14, 'Panchkula'),
(307, 14, 'Panipat'),
(308, 14, 'Rewari'),
(309, 14, 'Rohtak'),
(310, 14, 'Sirsa'),
(311, 14, 'Sonipat'),
(312, 14, 'Yamunanagar'),
(313, 13, 'Bilaspur'),
(314, 13, 'Chamba'),
(315, 13, 'Dalhousie'),
(316, 13, 'Hamirpur'),
(317, 13, 'Kangra'),
(318, 13, 'Kinnaur'),
(319, 13, 'Kullu'),
(320, 13, 'Lahaul & Spiti'),
(321, 13, 'Mandi'),
(322, 13, 'Shimla'),
(323, 13, 'Sirmaur'),
(324, 13, 'Solan'),
(325, 13, 'Una'),
(326, 15, 'Anantnag'),
(327, 15, 'Baramulla'),
(328, 15, 'Budgam'),
(329, 15, 'Doda'),
(330, 15, 'Jammu'),
(331, 15, 'Kargil'),
(332, 15, 'Kathua'),
(333, 15, 'Kupwara'),
(334, 15, 'Leh'),
(335, 15, 'Poonch'),
(336, 15, 'Pulwama'),
(337, 15, 'Rajauri'),
(338, 15, 'Srinagar'),
(339, 15, 'Udhampur'),
(340, 16, 'Bokaro'),
(341, 16, 'Chatra'),
(342, 16, 'Deoghar'),
(343, 16, 'Dhanbad'),
(344, 16, 'Dumka'),
(345, 16, 'East Singhbhum'),
(346, 16, 'Garhwa'),
(347, 16, 'Giridih'),
(348, 16, 'Godda'),
(349, 16, 'Gumla'),
(350, 16, 'Hazaribag'),
(351, 16, 'Jamtara'),
(352, 16, 'Koderma'),
(353, 16, 'Latehar'),
(354, 16, 'Lohardaga'),
(355, 16, 'Pakur'),
(356, 16, 'Palamu'),
(357, 16, 'Ranchi'),
(358, 16, 'Sahibganj'),
(359, 16, 'Seraikela'),
(360, 16, 'Simdega'),
(361, 16, 'West Singhbhum'),
(362, 18, 'Bagalkot'),
(363, 18, 'Bangalore'),
(364, 18, 'Bangalore Rural'),
(365, 18, 'Belgaum'),
(366, 18, 'Bellary'),
(367, 18, 'Bhatkal'),
(368, 18, 'Bidar'),
(369, 18, 'Bijapur'),
(370, 18, 'Chamrajnagar'),
(371, 18, 'Chickmagalur'),
(372, 18, 'Chikballapur'),
(373, 18, 'Chitradurga'),
(374, 18, 'Dakshina Kannada'),
(375, 18, 'Davanagere'),
(376, 18, 'Dharwad'),
(377, 18, 'Gadag'),
(378, 18, 'Gulbarga'),
(379, 18, 'Hampi'),
(380, 18, 'Hassan'),
(381, 18, 'Haveri'),
(382, 18, 'Hospet'),
(383, 18, 'Karwar'),
(384, 18, 'Kodagu'),
(385, 18, 'Kolar'),
(386, 18, 'Koppal'),
(387, 18, 'Madikeri'),
(388, 18, 'Mandya'),
(389, 18, 'Mangalore'),
(390, 18, 'Manipal'),
(391, 18, 'Mysore'),
(392, 18, 'Raichur'),
(393, 18, 'Shimoga'),
(394, 18, 'Sirsi'),
(395, 18, 'Sringeri'),
(396, 18, 'Srirangapatna'),
(397, 18, 'Tumkur'),
(398, 18, 'Udupi'),
(399, 18, 'Uttara Kannada'),
(400, 17, 'Alappuzha'),
(401, 17, 'Alleppey'),
(402, 17, 'Alwaye'),
(403, 17, 'Ernakulam'),
(404, 17, 'Idukki'),
(405, 17, 'Kannur'),
(406, 17, 'Kasargod'),
(407, 17, 'Kochi'),
(408, 17, 'Kollam'),
(409, 17, 'Kottayam'),
(410, 17, 'Kovalam'),
(411, 17, 'Kozhikode'),
(412, 17, 'Malappuram'),
(413, 17, 'Palakkad'),
(414, 17, 'Pathanamthitta'),
(415, 17, 'Perumbavoor'),
(416, 17, 'Thiruvananthapuram'),
(417, 17, 'Thrissur'),
(418, 17, 'Trichur'),
(419, 17, 'Trivandrum'),
(420, 17, 'Wayanad'),
(421, 19, 'Agatti Island'),
(422, 19, 'Bingaram Island'),
(423, 19, 'Bitra Island'),
(424, 19, 'Chetlat Island'),
(425, 19, 'Kadmat Island'),
(426, 19, 'Kalpeni Island'),
(427, 19, 'Kavaratti Island'),
(428, 19, 'Kiltan Island'),
(429, 19, 'Lakshadweep Sea'),
(430, 19, 'Minicoy Island'),
(431, 19, 'North Island'),
(432, 19, 'South Island'),
(433, 23, 'Anuppur'),
(434, 23, 'Ashoknagar'),
(435, 23, 'Balaghat'),
(436, 23, 'Barwani'),
(437, 23, 'Betul'),
(438, 23, 'Bhind'),
(439, 23, 'Bhopal'),
(440, 23, 'Burhanpur'),
(441, 23, 'Chhatarpur'),
(442, 23, 'Chhindwara'),
(443, 23, 'Damoh'),
(444, 23, 'Datia'),
(445, 23, 'Dewas'),
(446, 23, 'Dhar'),
(447, 23, 'Dindori'),
(448, 23, 'Guna'),
(449, 23, 'Gwalior'),
(450, 23, 'Harda'),
(451, 23, 'Hoshangabad'),
(452, 23, 'Indore'),
(453, 23, 'Jabalpur'),
(454, 23, 'Jagdalpur'),
(455, 23, 'Jhabua'),
(456, 23, 'Katni'),
(457, 23, 'Khandwa'),
(458, 23, 'Khargone'),
(459, 23, 'Mandla'),
(460, 23, 'Mandsaur'),
(461, 23, 'Morena'),
(462, 23, 'Narsinghpur'),
(463, 23, 'Neemuch'),
(464, 23, 'Panna'),
(465, 23, 'Raisen'),
(466, 23, 'Rajgarh'),
(467, 23, 'Ratlam'),
(468, 23, 'Rewa'),
(469, 23, 'Sagar'),
(470, 23, 'Satna'),
(471, 23, 'Sehore'),
(472, 23, 'Seoni'),
(473, 23, 'Shahdol'),
(474, 23, 'Shajapur'),
(475, 23, 'Sheopur'),
(476, 23, 'Shivpuri'),
(477, 23, 'Sidhi'),
(478, 23, 'Tikamgarh'),
(479, 23, 'Ujjain'),
(480, 23, 'Umaria'),
(481, 23, 'Vidisha'),
(482, 21, 'Ahmednagar'),
(483, 21, 'Akola'),
(484, 21, 'Amravati'),
(485, 21, 'Aurangabad'),
(486, 21, 'Beed'),
(487, 21, 'Bhandara'),
(488, 21, 'Buldhana'),
(489, 21, 'Chandrapur'),
(490, 21, 'Dhule'),
(491, 21, 'Gadchiroli'),
(492, 21, 'Gondia'),
(493, 21, 'Hingoli'),
(494, 21, 'Jalgaon'),
(495, 21, 'Jalna'),
(496, 21, 'Kolhapur'),
(497, 21, 'Latur'),
(498, 21, 'Mahabaleshwar'),
(499, 21, 'Mumbai'),
(500, 21, 'Mumbai City'),
(501, 21, 'Mumbai Suburban'),
(502, 21, 'Nagpur'),
(503, 21, 'Nanded'),
(504, 21, 'Nandurbar'),
(505, 21, 'Nashik'),
(506, 21, 'Osmanabad'),
(507, 21, 'Parbhani'),
(508, 21, 'Pune'),
(509, 21, 'Raigad'),
(510, 21, 'Ratnagiri'),
(511, 21, 'Sangli'),
(512, 21, 'Satara'),
(513, 21, 'Sholapur'),
(514, 21, 'Sindhudurg'),
(515, 21, 'Thane'),
(516, 21, 'Wardha'),
(517, 21, 'Washim'),
(518, 21, 'Yavatmal'),
(519, 22, 'Bishnupur'),
(520, 22, 'Chandel'),
(521, 22, 'Churachandpur'),
(522, 22, 'Imphal East'),
(523, 22, 'Imphal West'),
(524, 22, 'Senapati'),
(525, 22, 'Tamenglong'),
(526, 22, 'Thoubal'),
(527, 22, 'Ukhrul'),
(528, 20, 'East Garo Hills'),
(529, 20, 'East Khasi Hills'),
(530, 20, 'Jaintia Hills'),
(531, 20, 'Ri Bhoi'),
(532, 20, 'Shillong'),
(533, 20, 'South Garo Hills'),
(534, 20, 'West Garo Hills'),
(535, 20, 'West Khasi Hills'),
(536, 24, 'Aizawl'),
(537, 24, 'Champhai'),
(538, 24, 'Kolasib'),
(539, 24, 'Lawngtlai'),
(540, 24, 'Lunglei'),
(541, 24, 'Mamit'),
(542, 24, 'Saiha'),
(543, 24, 'Serchhip'),
(544, 25, 'Dimapur'),
(545, 25, 'Kohima'),
(546, 25, 'Mokokchung'),
(547, 25, 'Mon'),
(548, 25, 'Phek'),
(549, 25, 'Tuensang'),
(550, 25, 'Wokha'),
(551, 25, 'Zunheboto'),
(552, 26, 'Angul'),
(553, 26, 'Balangir'),
(554, 26, 'Balasore'),
(555, 26, 'Baleswar'),
(556, 26, 'Bargarh'),
(557, 26, 'Berhampur'),
(558, 26, 'Bhadrak'),
(559, 26, 'Bhubaneswar'),
(560, 26, 'Boudh'),
(561, 26, 'Cuttack'),
(562, 26, 'Deogarh'),
(563, 26, 'Dhenkanal'),
(564, 26, 'Gajapati'),
(565, 26, 'Ganjam'),
(566, 26, 'Jagatsinghapur'),
(567, 26, 'Jajpur'),
(568, 26, 'Jharsuguda'),
(569, 26, 'Kalahandi'),
(570, 26, 'Kandhamal'),
(571, 26, 'Kendrapara'),
(572, 26, 'Kendujhar'),
(573, 26, 'Khordha'),
(574, 26, 'Koraput'),
(575, 26, 'Malkangiri'),
(576, 26, 'Mayurbhanj'),
(577, 26, 'Nabarangapur'),
(578, 26, 'Nayagarh'),
(579, 26, 'Nuapada'),
(580, 26, 'Puri'),
(581, 26, 'Rayagada'),
(582, 26, 'Rourkela'),
(583, 26, 'Sambalpur'),
(584, 26, 'Subarnapur'),
(585, 26, 'Sundergarh'),
(586, 28, 'Bahur'),
(587, 28, 'Karaikal'),
(588, 28, 'Mahe'),
(589, 28, 'Pondicherry'),
(590, 28, 'Purnankuppam'),
(591, 28, 'Valudavur'),
(592, 28, 'Villianur'),
(593, 28, 'Yanam'),
(594, 27, 'Amritsar'),
(595, 27, 'Barnala'),
(596, 27, 'Bathinda'),
(597, 27, 'Faridkot'),
(598, 27, 'Fatehgarh Sahib'),
(599, 27, 'Ferozepur'),
(600, 27, 'Gurdaspur'),
(601, 27, 'Hoshiarpur'),
(602, 27, 'Jalandhar'),
(603, 27, 'Kapurthala'),
(604, 27, 'Ludhiana'),
(605, 27, 'Mansa'),
(606, 27, 'Moga'),
(607, 27, 'Muktsar'),
(608, 27, 'Nawanshahr'),
(609, 27, 'Pathankot'),
(610, 27, 'Patiala'),
(611, 27, 'Rupnagar'),
(612, 27, 'Sangrur'),
(613, 27, 'SAS Nagar'),
(614, 27, 'Tarn Taran'),
(615, 29, 'Ajmer'),
(616, 29, 'Alwar'),
(617, 29, 'Banswara'),
(618, 29, 'Baran'),
(619, 29, 'Barmer'),
(620, 29, 'Bharatpur'),
(621, 29, 'Bhilwara'),
(622, 29, 'Bikaner'),
(623, 29, 'Bundi'),
(624, 29, 'Chittorgarh'),
(625, 29, 'Churu'),
(626, 29, 'Dausa'),
(627, 29, 'Dholpur'),
(628, 29, 'Dungarpur'),
(629, 29, 'Hanumangarh'),
(630, 29, 'Jaipur'),
(631, 29, 'Jaisalmer'),
(632, 29, 'Jalore'),
(633, 29, 'Jhalawar'),
(634, 29, 'Jhunjhunu'),
(635, 29, 'Jodhpur'),
(636, 29, 'Karauli'),
(637, 29, 'Kota'),
(638, 29, 'Nagaur'),
(639, 29, 'Pali'),
(640, 29, 'Pilani'),
(641, 29, 'Rajsamand'),
(642, 29, 'Sawai Madhopur'),
(643, 29, 'Sikar'),
(644, 29, 'Sirohi'),
(645, 29, 'Sri Ganganagar'),
(646, 29, 'Tonk'),
(647, 29, 'Udaipur'),
(648, 30, 'Barmiak'),
(649, 30, 'Be'),
(650, 30, 'Bhurtuk'),
(651, 30, 'Chhubakha'),
(652, 30, 'Chidam'),
(653, 30, 'Chubha'),
(654, 30, 'Chumikteng'),
(655, 30, 'Dentam'),
(656, 30, 'Dikchu'),
(657, 30, 'Dzongri'),
(658, 30, 'Gangtok'),
(659, 30, 'Gauzing'),
(660, 30, 'Gyalshing'),
(661, 30, 'Hema'),
(662, 30, 'Kerung'),
(663, 30, 'Lachen'),
(664, 30, 'Lachung'),
(665, 30, 'Lema'),
(666, 30, 'Lingtam'),
(667, 30, 'Lungthu'),
(668, 30, 'Mangan'),
(669, 30, 'Namchi'),
(670, 30, 'Namthang'),
(671, 30, 'Nanga'),
(672, 30, 'Nantang'),
(673, 30, 'Naya Bazar'),
(674, 30, 'Padamachen'),
(675, 30, 'Pakhyong'),
(676, 30, 'Pemayangtse'),
(677, 30, 'Phensang'),
(678, 30, 'Rangli'),
(679, 30, 'Rinchingpong'),
(680, 30, 'Sakyong'),
(681, 30, 'Samdong'),
(682, 30, 'Singtam'),
(683, 30, 'Siniolchu'),
(684, 30, 'Sombari'),
(685, 30, 'Soreng'),
(686, 30, 'Sosing'),
(687, 30, 'Tekhug'),
(688, 30, 'Temi'),
(689, 30, 'Tsetang'),
(690, 30, 'Tsomgo'),
(691, 30, 'Tumlong'),
(692, 30, 'Yangang'),
(693, 30, 'Yumtang'),
(694, 31, 'Chennai'),
(695, 31, 'Chidambaram'),
(696, 31, 'Chingleput'),
(697, 31, 'Coimbatore'),
(698, 31, 'Courtallam'),
(699, 31, 'Cuddalore'),
(700, 31, 'Dharmapuri'),
(701, 31, 'Dindigul'),
(702, 31, 'Erode'),
(703, 31, 'Hosur'),
(704, 31, 'Kanchipuram'),
(705, 31, 'Kanyakumari'),
(706, 31, 'Karaikudi'),
(707, 31, 'Karur'),
(708, 31, 'Kodaikanal'),
(709, 31, 'Kovilpatti'),
(710, 31, 'Krishnagiri'),
(711, 31, 'Kumbakonam'),
(712, 31, 'Madurai'),
(713, 31, 'Mayiladuthurai'),
(714, 31, 'Nagapattinam'),
(715, 31, 'Nagarcoil'),
(716, 31, 'Namakkal'),
(717, 31, 'Neyveli'),
(718, 31, 'Nilgiris'),
(719, 31, 'Ooty'),
(720, 31, 'Palani'),
(721, 31, 'Perambalur'),
(722, 31, 'Pollachi'),
(723, 31, 'Pudukkottai'),
(724, 31, 'Rajapalayam'),
(725, 31, 'Ramanathapuram'),
(726, 31, 'Salem'),
(727, 31, 'Sivaganga'),
(728, 31, 'Sivakasi'),
(729, 31, 'Thanjavur'),
(730, 31, 'Theni'),
(731, 31, 'Thoothukudi'),
(732, 31, 'Tiruchirappalli'),
(733, 31, 'Tirunelveli'),
(734, 31, 'Tirupur'),
(735, 31, 'Tiruvallur'),
(736, 31, 'Tiruvannamalai'),
(737, 31, 'Tiruvarur'),
(738, 31, 'Trichy'),
(739, 31, 'Tuticorin'),
(740, 31, 'Vellore'),
(741, 31, 'Villupuram'),
(742, 31, 'Virudhunagar'),
(743, 31, 'Yercaud'),
(744, 32, 'Agartala'),
(745, 32, 'Ambasa'),
(746, 32, 'Bampurbari'),
(747, 32, 'Belonia'),
(748, 32, 'Dhalai'),
(749, 32, 'Dharam Nagar'),
(750, 32, 'Kailashahar'),
(751, 32, 'Kamal Krishnabari'),
(752, 32, 'Khopaiyapara'),
(753, 32, 'Khowai'),
(754, 32, 'Phuldungsei'),
(755, 32, 'Radha Kishore Pur'),
(756, 32, 'Tripura'),
(757, 33, 'Almora'),
(758, 33, 'Bazpur'),
(759, 33, 'Chamba'),
(760, 33, 'Dehradun'),
(761, 33, 'Haldwani'),
(762, 33, 'Haridwar'),
(763, 33, 'Jaspur'),
(764, 33, 'Kashipur'),
(765, 33, 'kichha'),
(766, 33, 'Kotdwara'),
(767, 33, 'Manglaur'),
(768, 33, 'Mussoorie'),
(769, 33, 'Nagla'),
(770, 33, 'Nainital'),
(771, 33, 'Pauri'),
(772, 33, 'Pithoragarh'),
(773, 33, 'Ramnagar'),
(774, 33, 'Rishikesh'),
(775, 33, 'Roorkee'),
(776, 33, 'Rudrapur'),
(777, 33, 'Sitarganj'),
(778, 33, 'Tehri'),
(779, 34, 'Achhnera'),
(780, 34, 'Adari'),
(781, 34, 'Agra'),
(782, 34, 'Aligarh'),
(783, 34, 'Allahabad'),
(784, 34, 'Amroha'),
(785, 34, 'Azamgarh'),
(786, 34, 'Bahraich'),
(787, 34, 'Ballia'),
(788, 34, 'Balrampur'),
(789, 34, 'Banda'),
(790, 34, 'Bareilly'),
(791, 34, 'Chandausi'),
(792, 34, 'Dadri'),
(793, 34, 'Deoria'),
(794, 34, 'Etawah'),
(795, 34, 'Fatehabad'),
(796, 34, 'Fatehpur'),
(797, 34, 'Fatehpur'),
(798, 34, 'Greater Noida'),
(799, 34, 'Hamirpur'),
(800, 34, 'Hardoi'),
(801, 34, 'Jajmau'),
(802, 34, 'Jaunpur'),
(803, 34, 'Jhansi'),
(804, 34, 'Kalpi'),
(805, 34, 'Kanpur'),
(806, 34, 'Kota'),
(807, 34, 'Laharpur'),
(808, 34, 'Lakhimpur'),
(809, 34, 'Lal Gopalganj Nindaura'),
(810, 34, 'Lalganj'),
(811, 34, 'Lalitpur'),
(812, 34, 'Lar'),
(813, 34, 'Loni'),
(814, 34, 'Lucknow'),
(815, 34, 'Mathura'),
(816, 34, 'Meerut'),
(817, 34, 'Modinagar'),
(818, 34, 'Muradnagar'),
(819, 34, 'Nagina'),
(820, 34, 'Najibabad'),
(821, 34, 'Nakur'),
(822, 34, 'Nanpara'),
(823, 34, 'Naraura'),
(824, 34, 'Naugawan Sadat'),
(825, 34, 'Nautanwa'),
(826, 34, 'Nawabganj'),
(827, 34, 'Nehtaur'),
(828, 34, 'NOIDA'),
(829, 34, 'Noorpur'),
(830, 34, 'Obra'),
(831, 34, 'Orai'),
(832, 34, 'Padrauna'),
(833, 34, 'Palia Kalan'),
(834, 34, 'Parasi'),
(835, 34, 'Phulpur'),
(836, 34, 'Pihani'),
(837, 34, 'Pilibhit'),
(838, 34, 'Pilkhuwa'),
(839, 34, 'Powayan'),
(840, 34, 'Pukhrayan'),
(841, 34, 'Puranpur'),
(842, 34, 'Purquazi'),
(843, 34, 'Purwa'),
(844, 34, 'Rae Bareli'),
(845, 34, 'Rampur'),
(846, 34, 'Rampur Maniharan'),
(847, 34, 'Rasra'),
(848, 34, 'Rath'),
(849, 34, 'Renukoot'),
(850, 34, 'Reoti'),
(851, 34, 'Robertsganj'),
(852, 34, 'Rudauli'),
(853, 34, 'Rudrapur'),
(854, 34, 'Sadabad'),
(855, 34, 'Safipur'),
(856, 34, 'Saharanpur'),
(857, 34, 'Sahaspur'),
(858, 34, 'Sahaswan'),
(859, 34, 'Sahawar'),
(860, 34, 'Sahjanwa'),
(861, 34, 'Sambhal'),
(862, 34, 'Samdhan'),
(863, 34, 'Samthar'),
(864, 34, 'Sandi'),
(865, 34, 'Sandila'),
(866, 34, 'Sardhana'),
(867, 34, 'Seohara'),
(868, 34, 'Shahganj'),
(869, 34, 'Shahjahanpur'),
(870, 34, 'Shamli'),
(871, 34, 'Sherkot'),
(872, 34, 'Shikohabad'),
(873, 34, 'Shishgarh'),
(874, 34, 'Siana'),
(875, 34, 'Sikanderpur'),
(876, 34, 'Sikandra Rao'),
(877, 34, 'Sikandrabad'),
(878, 34, 'Sirsaganj'),
(879, 34, 'Sirsi'),
(880, 34, 'Sitapur'),
(881, 34, 'Soron'),
(882, 34, 'Suar'),
(883, 34, 'Sultanpur'),
(884, 34, 'Sumerpur'),
(885, 34, 'Tanda'),
(886, 34, 'Tanda'),
(887, 34, 'Tetri Bazar'),
(888, 34, 'Thakurdwara'),
(889, 34, 'Thana Bhawan'),
(890, 34, 'Tilhar'),
(891, 34, 'Tirwaganj'),
(892, 34, 'Tulsipur'),
(893, 34, 'Tundla'),
(894, 34, 'Unnao'),
(895, 34, 'Utraula'),
(896, 34, 'Varanasi'),
(897, 34, 'Vrindavan'),
(898, 34, 'Warhapur'),
(899, 34, 'Zaidpur'),
(900, 34, 'Zamania'),
(901, 35, 'Alipurduar'),
(902, 35, 'Arambagh'),
(903, 35, 'Asansol'),
(904, 35, 'Baharampur'),
(905, 35, 'Bally'),
(906, 35, 'Balurghat'),
(907, 35, 'Bankura'),
(908, 35, 'Barakar'),
(909, 35, 'Barasat'),
(910, 35, 'Bardhaman'),
(911, 35, 'Bidhan Nagar'),
(912, 35, 'Chinsura'),
(913, 35, 'Contai'),
(914, 35, 'Cooch Behar'),
(915, 35, 'Darjeeling'),
(916, 35, 'Durgapur'),
(917, 35, 'Haldia'),
(918, 35, 'Howrah'),
(919, 35, 'Islampur'),
(920, 35, 'Jhargram'),
(921, 35, 'Kharagpur'),
(922, 35, 'Kolkata'),
(923, 35, 'Mainaguri'),
(924, 35, 'Mal'),
(925, 35, 'Mathabhanga'),
(926, 35, 'Medinipur'),
(927, 35, 'Memari'),
(928, 35, 'Monoharpur'),
(929, 35, 'Murshidabad'),
(930, 35, 'Nabadwip'),
(931, 35, 'Naihati'),
(932, 35, 'Panchla'),
(933, 35, 'Pandua'),
(934, 35, 'Paschim Punropara'),
(935, 35, 'Purulia'),
(936, 35, 'Raghunathpur'),
(937, 35, 'Raiganj'),
(938, 35, 'Rampurhat'),
(939, 35, 'Ranaghat'),
(940, 35, 'Sainthia'),
(941, 35, 'Santipur'),
(942, 35, 'Siliguri'),
(943, 35, 'Sonamukhi'),
(944, 35, 'Srirampore'),
(945, 35, 'Suri'),
(946, 35, 'Taki'),
(947, 35, 'Tamluk'),
(948, 35, 'Tarakeswar');

-- --------------------------------------------------------

--
-- Table structure for table `mlf_users`
--

CREATE TABLE `mlf_users` (
  `user_id` int(11) NOT NULL,
  `sur_name` varchar(100) COLLATE utf8_bin NOT NULL,
  `first_name` varchar(100) COLLATE utf8_bin NOT NULL,
  `f_h_name` varchar(100) COLLATE utf8_bin NOT NULL,
  `adhar_no` varchar(100) COLLATE utf8_bin NOT NULL,
  `address` varchar(100) COLLATE utf8_bin NOT NULL,
  `village` varchar(100) COLLATE utf8_bin NOT NULL,
  `taluka` varchar(100) COLLATE utf8_bin NOT NULL,
  `state` int(10) UNSIGNED NOT NULL,
  `district` int(10) UNSIGNED NOT NULL,
  `country` varchar(100) COLLATE utf8_bin NOT NULL,
  `pincode` varchar(100) COLLATE utf8_bin NOT NULL,
  `phone_no` varchar(100) COLLATE utf8_bin NOT NULL,
  `mob_no` varchar(100) COLLATE utf8_bin NOT NULL,
  `whatsapp_no` varchar(100) COLLATE utf8_bin NOT NULL,
  `telegram_no` varchar(100) COLLATE utf8_bin NOT NULL,
  `email` varchar(100) COLLATE utf8_bin NOT NULL,
  `password` varchar(100) COLLATE utf8_bin NOT NULL
) ENGINE=InnoDB DEFAULT CHARSET=utf8 COLLATE=utf8_bin;

--
-- Dumping data for table `mlf_users`
--

INSERT INTO `mlf_users` (`user_id`, `sur_name`, `first_name`, `f_h_name`, `adhar_no`, `address`, `village`, `taluka`, `state`, `district`, `country`, `pincode`, `phone_no`, `mob_no`, `whatsapp_no`, `telegram_no`, `email`, `password`) VALUES
(6, 'kerr', 'miranda', 'linter kerr', '897897897', 'usa', 'jkhjk', 'kjh', 15, 453, 'india', '090909', '873498', '7645874587', '3409670934', '0934093409', 'miranda@mail.com', '1lWmQgri'),
(7, 'kerr', 'miranda', 'linter kerr', '897897897', 'usa', 'jkhjk', 'kjh', 15, 453, 'india', '090909', '873498', '7645874587', '3409670934', '0934093409', 'lerr@mail.com', '7iGXm60Z'),
(8, 'जफजफ', 'डषडपज', 'झफझफ', '55578', 'जफजफज', 'झबझसझस', 'ढषडषडष', 22, 519, 'डषजप', '5556', '55566', '6789', '8900', '5689', 'kl@mail.com', 'AnpCriL7');

-- --------------------------------------------------------

--
-- Table structure for table `state_list`
--

CREATE TABLE `state_list` (
  `id` int(10) UNSIGNED NOT NULL,
  `state` varchar(50) CHARACTER SET latin1 NOT NULL,
  `state_hindi` varchar(200) COLLATE utf8_bin NOT NULL
) ENGINE=InnoDB DEFAULT CHARSET=utf8 COLLATE=utf8_bin;

--
-- Dumping data for table `state_list`
--

INSERT INTO `state_list` (`id`, `state`, `state_hindi`) VALUES
(1, 'ANDAMAN AND NICOBAR ISLANDS', 'अंडमान निकोबार द्वीप समूह'),
(2, 'ANDHRA PRADESH', 'आंध्र प्रदेश'),
(3, 'ARUNACHAL PRADESH', 'अरुणाचल प्रदेश'),
(4, 'ASSAM', 'असम'),
(5, 'BIHAR', 'बिहार'),
(6, 'CHATTISGARH', 'छत्तीसगढ़'),
(7, 'CHANDIGARH', 'चंडीगढ़'),
(8, 'DAMAN AND DIU', 'दमन और दीव'),
(9, 'DELHI', 'दिल्ली'),
(10, 'DADRA AND NAGAR HAVELI', 'दादरा और नगर हवेली'),
(11, 'GOA', 'गोवा'),
(12, 'GUJARAT', 'गुजरात'),
(13, 'HIMACHAL PRADESH', 'हिमाचल प्रदेश'),
(14, 'HARYANA', 'हरियाणा'),
(15, 'JAMMU AND KASHMIR', 'जम्मू-कश्मीर'),
(16, 'JHARKHAND', 'झारखंड'),
(17, 'KERALA', 'केरल'),
(18, 'KARNATAKA', 'कर्नाटक'),
(19, 'LAKSHADWEEP', 'लक्षद्वीप'),
(20, 'MEGHALAYA', 'मेघालय'),
(21, 'MAHARASHTRA', 'महाराष्ट्र'),
(22, 'MANIPUR', 'मणिपुर'),
(23, 'MADHYA PRADESH', 'मप्र'),
(24, 'MIZORAM', 'मिजोरम'),
(25, 'NAGALAND', 'नागालैंड'),
(26, 'ORISSA', 'उड़ीसा'),
(27, 'PUNJAB', 'पंजाब'),
(28, 'PONDICHERRY', 'पांडिचेरी'),
(29, 'RAJASTHAN', 'राजस्थान'),
(30, 'SIKKIM', 'सिक्किम'),
(31, 'TAMIL NADU', 'तमिलनाडु'),
(32, 'TRIPURA', 'त्रिपुरा'),
(33, 'UTTARAKHAND', 'उत्तराखंड'),
(34, 'UTTAR PRADESH', 'उत्तर प्रदेश'),
(35, 'WEST BENGAL', 'पश्चिम बंगाल');

--
-- Indexes for dumped tables
--

--
-- Indexes for table `all_cities`
--
ALTER TABLE `all_cities`
  ADD PRIMARY KEY (`city_id`),
  ADD KEY `state_id` (`state_id`);

--
-- Indexes for table `mlf_users`
--
ALTER TABLE `mlf_users`
  ADD PRIMARY KEY (`user_id`),
  ADD UNIQUE KEY `email` (`email`),
  ADD KEY `state` (`state`),
  ADD KEY `district` (`district`);

--
-- Indexes for table `state_list`
--
ALTER TABLE `state_list`
  ADD PRIMARY KEY (`id`);

--
-- AUTO_INCREMENT for dumped tables
--

--
-- AUTO_INCREMENT for table `all_cities`
--
ALTER TABLE `all_cities`
  MODIFY `city_id` int(10) UNSIGNED NOT NULL AUTO_INCREMENT, AUTO_INCREMENT=949;

--
-- AUTO_INCREMENT for table `mlf_users`
--
ALTER TABLE `mlf_users`
  MODIFY `user_id` int(11) NOT NULL AUTO_INCREMENT, AUTO_INCREMENT=9;

--
-- AUTO_INCREMENT for table `state_list`
--
ALTER TABLE `state_list`
  MODIFY `id` int(10) UNSIGNED NOT NULL AUTO_INCREMENT, AUTO_INCREMENT=37;

--
-- Constraints for dumped tables
--

--
-- Constraints for table `all_cities`
--
ALTER TABLE `all_cities`
  ADD CONSTRAINT `all_cities_ibfk_1` FOREIGN KEY (`state_id`) REFERENCES `state_list` (`id`);

--
-- Constraints for table `mlf_users`
--
ALTER TABLE `mlf_users`
  ADD CONSTRAINT `mlf_users_ibfk_1` FOREIGN KEY (`state`) REFERENCES `state_list` (`id`),
  ADD CONSTRAINT `mlf_users_ibfk_2` FOREIGN KEY (`district`) REFERENCES `all_cities` (`city_id`);
COMMIT;

/*!40101 SET CHARACTER_SET_CLIENT=@OLD_CHARACTER_SET_CLIENT */;
/*!40101 SET CHARACTER_SET_RESULTS=@OLD_CHARACTER_SET_RESULTS */;
/*!40101 SET COLLATION_CONNECTION=@OLD_COLLATION_CONNECTION */;
